{
  "kind": "regime",
  "l2": 1.0,
  "mean": [
    0.4186662414339764,
    0.36435408230213046,
    -0.25727070205146085,
    0.6666666666666671,
    0.6571428571428571
  ],
  "std": [
    0.14160035672800117,
    0.08680080066136937,
    0.38953813119038044,
    0.2222182539328225,
    0.4746642207381764
  ],
  "weights": [
    [
      2.6922297097388252,
      -1.3538514332215932,
      0.3158568750068216,
      2.2916535268668516,
      -0.021511119070091626,
      0.09498676996822121
    ],
    [
      -3.6708906679818396,
      1.5135624939350905,
      -0.8203621631816771,
      -2.096706638251208,
      0.15238568750074655,
      -1.0279838294738342
    ],
    [
      -1.6815494851639126,
      -0.15971130149106594,
      0.5045052934166481,
      -0.19494641088706025,
      -0.13087444606867504,
      0.9329969261785516
    ]
  ]
}
