{
  "beta": [
    4.705327395317789,
    -1.298174360854511,
    0.6088706814407029,
    -1.2988890322493927
  ],
  "kind": "gravity",
  "l2": 1.0,
  "mean": [
    0.6699029126213593,
    0.09840485466798135,
    0.4960693807381686
  ],
  "std": [
    0.4702478073131006,
    0.04590596460231463,
    0.22389331344242655
  ]
}
